"","vars","n","mean","sd","median","trimmed","mad","min","max","range","skew","kurtosis","se"
"cruise_score",1,30537,6.90195915655829,3.09653829001859,7.59055995941162,7.17660610796138,3.57223580417633,1.00071704387665,10,8.99928295612335,-0.427481972128741,-1.32766915204609,0.0177199817421107
"compensation",2,30537,199.945593415721,14.9560751182668,200.021240234375,199.991663075075,15.4093031982422,158.061630249023,239.973754882812,81.9121246337891,-0.0226249845574044,-0.307952710673491,0.08558633971477
"marketing",3,30537,165.038405583072,9.01447149304889,165.051498413086,165.046757823792,9.24369518737793,139.866729736328,190.208190917969,50.3414611816406,-0.0100828943319158,-0.292579641629402,0.051585433574808
"commission",4,30537,78.934591466912,15.0489988103242,78.9443054199219,78.956669904281,15.3509140594482,36.9996299743652,120.911239624023,83.9116096496582,-0.0105719544395276,-0.274263705196292,0.086118096784261
